Question,Answer
vpn not connecting,Check internet connectivity and ensure VPN credentials are correct.
vpn error 720,Reset TCP/IP stack and reinstall WAN Miniport drivers.
vpn error 789,"Verify IPsec settings, pre-shared key, and system time."
vpn error 800,Check VPN server address and ensure server is reachable.
vpn error 619,Disable firewall/antivirus temporarily and check VPN passthrough.
vpn error 868,Check DNS resolution or use server IP instead.
vpn not working behind nat,Apply registry fix AssumeUDPEncapsulationContextOnSendRule = 2 and restart system.
wan miniport drivers issue,Uninstall WAN Miniport drivers and scan for hardware changes.
wan miniport error,Reinstall WAN Miniport adapters from device manager.
vpn services not running,"Ensure IKE, Remote Access Connection Manager, SSTP, and IPsec Policy Agent are running."
ipsec service issue,Restart IPsec Policy Agent service.
reset network stack,Run netsh winsock reset and netsh int ip reset commands.
flush dns,Run ipconfig /flushdns command.
renew ip,Run ipconfig /renew command.
no internet connection,"Check router, cables, and ISP connection."
slow internet,Restart router and close background apps.
wifi not working,Reconnect WiFi or restart router.
network disconnected,Check LAN cable or reconnect network.
login issue,Try resetting password and verify credentials.
cannot login,Check username and password or reset password.
account locked,Wait or unlock account via admin.
forgot password,Use forgot password option to reset credentials.
application not opening,Restart or reinstall application.
app crash,Check updates or restart system.
software error,Restart application and check logs.
system slow,Close unused apps and restart system.
computer hanging,Check RAM usage and restart system.
blue screen error,Check recent updates and drivers.
printer not working,Check printer connection and restart device.
printer offline,Set printer to online and check drivers.
cannot print,Ensure correct printer selected and drivers installed.
email not working,Check internet and email configuration.
cannot send email,Verify SMTP settings.
cannot receive email,Check inbox storage and server settings.
still not working,I understand. I will create a support ticket for further assistance.
issue not resolved,Escalating issue and creating a support ticket.
problem continues,Creating a support ticket now.
nothing works,Escalating to support team and creating ticket.
help,"Please describe your issue. I can assist with login, network, application, or system issues."
hi,Hello! Please tell me your issue type.
hello,Hi there! How can I assist you today?
thanks,Glad I could help. Let me know if you need anything else.
